Problem,Method,Level,DOF,Cells,ActiveDOF,ActiveFraction,Halo,TouchedCells,LocalNNZ,L2,H1semi,Energy,Estimator,ResidualReduction,Cycle_s,Cumulative_s
Smooth Poisson,HLRC-r0,0,81,128,49,1.0,0,128,289,0.019097605603522246,0.40807818338205515,0.40807818338205515,2.229809713677248,0.0,0.002154666000024008,0.002154666000024008
Smooth Poisson,HLRC-r0,1,160,284,77,0.6111111111111112,0,226,309,0.012781688594427786,0.33811156667032244,0.33811156667032244,1.5590697782598042,0.353564401038451,0.006246303999887459,0.008400969999911467
Smooth Poisson,HLRC-r0,2,252,449,73,0.36683417085427134,0,241,257,0.010910209820639965,0.2244227702269227,0.2244227702269227,1.2136825668482298,0.25329014365561664,0.008266971000011836,0.016667940999923303
Smooth Poisson,HLRC-r0,3,482,909,230,0.5361305361305362,0,654,1012,0.009101017597719295,0.20132996712487836,0.20132996712487836,0.9040141725817206,0.6072668666254124,0.01839770599997337,0.03506564699989667
Smooth Poisson,HLRC-r0,4,792,1498,279,0.3940677966101695,0,827,1183,0.008870105448305831,0.14511382729657854,0.14511382729657854,0.6702067913870144,0.39892032667200006,0.029356060000168327,0.064421707000065
Smooth Poisson,HLRC-r0,5,1632,3163,825,0.538160469667319,0,2349,3609,0.008197139862424811,0.12672594255614655,0.12672594255614655,0.49451697275754086,0.6928566998463648,0.06526408700005959,0.1296857940001246
Smooth Poisson,HLRC-r0,6,2678,5199,990,0.3923900118906064,0,2854,4374,0.0080925621582632,0.10645103080258402,0.10645103080258402,0.3726538324029465,0.573228402096682,0.09609459199987214,0.22578038599999672
Smooth Poisson,HLRC-r0,7,4993,9800,2286,0.47535870243293826,0,6579,9732,0.007951602157271516,0.09603915448909513,0.09603915448909513,0.284048969375731,0.7328405668622867,0.18718788700005007,0.4129682730000468
Smooth Poisson,HLRC-r1,0,81,128,49,1.0,1,128,289,0.019097605603522246,0.40807818338205515,0.40807818338205515,2.229809713677248,0.0,0.002140714000006483,0.002140714000006483
Smooth Poisson,HLRC-r1,1,160,284,123,0.9761904761904762,1,272,799,0.013329585013758442,0.3263599925498119,0.3263599925498119,1.5336162193581857,0.024869735090992127,0.007856132000028992,0.009996846000035475
Smooth Poisson,HLRC-r1,2,265,474,129,0.6113744075829384,1,344,735,0.010811779349480511,0.21253682217241301,0.21253682217241301,1.1976873140474624,0.041539718713957494,0.010652960000129497,0.020649806000164972
Smooth Poisson,HLRC-r1,3,500,942,360,0.8108108108108109,1,788,2390,0.006956100474143377,0.1810136058728632,0.1810136058728632,0.8861411568231872,0.09862743477212037,0.023486253999976725,0.0441360600001417
Smooth Poisson,HLRC-r1,4,810,1534,424,0.5840220385674931,1,984,2692,0.006047335057020594,0.1181028434014781,0.1181028434014781,0.6573563544300843,0.04168987190342608,0.03419970299989927,0.07833576300004097
Smooth Poisson,HLRC-r1,5,1583,3064,1147,0.7734322319622388,1,2462,7667,0.005022244797645011,0.09810782992264246,0.09810782992264246,0.49551877864400284,0.08615177489947176,0.07980319000000691,0.15813895300004788
Smooth Poisson,HLRC-r1,6,2631,5116,1552,0.6240450341777242,1,3480,10078,0.004763857127300598,0.0692100714181764,0.0692100714181764,0.3671909218282837,0.05052220553467004,0.11803308000014567,0.27617203300019355
Smooth Poisson,HLRC-r1,7,4776,9374,3270,0.7108695652173913,1,7129,21702,0.004550591444472736,0.054859225048730025,0.054859225048730025,0.2804139954393311,0.05759448600704841,0.22729107600002862,0.5034631090002222
Smooth Poisson,HLRC-r2,0,81,128,49,1.0,2,128,289,0.019097605603522246,0.40807818338205515,0.40807818338205515,2.229809713677248,0.0,0.0021314210000582534,0.0021314210000582534
Smooth Poisson,HLRC-r2,1,160,284,126,1.0,2,284,820,0.013015937752957783,0.3262808861815882,0.3262808861815882,1.5341086082178481,2.9099089952248456e-15,0.007965022999883331,0.010096443999941584
Smooth Poisson,HLRC-r2,2,265,474,164,0.7772511848341233,2,408,972,0.00968058853691839,0.21166383965073324,0.21166383965073324,1.1989561512416724,0.03033139177106477,0.011517782000055377,0.02161422599999696
Smooth Poisson,HLRC-r2,3,501,946,411,0.9194630872483222,2,868,2759,0.00467268632121726,0.18280046829384392,0.18280046829384392,0.8940466731536741,0.04274734752615601,0.024793723000016143,0.046407949000013105
Smooth Poisson,HLRC-r2,4,793,1500,444,0.6262341325811002,2,1028,2824,0.0038533390323024375,0.11933602779407222,0.11933602779407222,0.6695715954185125,0.016434307434680325,0.03426484000010532,0.08067278900011843
Smooth Poisson,HLRC-r2,5,1565,3026,1249,0.8537252221462748,2,2612,8485,0.0017683914401927,0.0970703342056065,0.0970703342056065,0.5043376742266055,0.02583977540762825,0.0800794000000451,0.16075218900016353
Smooth Poisson,HLRC-r2,6,2613,5086,1818,0.7345454545454545,2,3946,12046,0.001449064625002851,0.06587079591702313,0.06587079591702313,0.37000562277700183,0.017367498935891835,0.18818231100010507,0.3489345000002686
Smooth Poisson,HLRC-r2,7,4726,9278,3700,0.8124725516029864,2,7858,24918,0.001247314830359948,0.05122805855124791,0.05122805855124791,0.2819646317708486,0.016426980836686225,0.24206322400004865,0.5909977240003172
Smooth Poisson,RCHC,0,81,128,49,1.0,-1,128,289,0.019097605603522246,0.40807818338205515,0.40807818338205515,2.229809713677248,0.0,0.0021492779999334743,0.0021492779999334743
Smooth Poisson,RCHC,1,160,284,123,0.9761904761904762,1,272,799,0.013329585013758442,0.3263599925498119,0.3263599925498119,1.5336162193581857,0.024869735090992127,0.010526311000035093,0.012675588999968568
Smooth Poisson,RCHC,2,265,474,85,0.4028436018957346,0,274,313,0.011382097217698195,0.2165311937476618,0.2165311937476618,1.1960457743355057,0.14087201331290966,0.009072555999978249,0.021748144999946817
Smooth Poisson,RCHC,3,505,952,421,0.9376391982182628,2,892,2819,0.004550624253458402,0.17991302803535203,0.17991302803535203,0.8867162541862993,0.07546146446615691,0.04561926899998525,0.06736741399993207
Smooth Poisson,RCHC,4,798,1510,265,0.3711484593837535,0,775,1169,0.004047841261640167,0.1201690885783475,0.1201690885783475,0.670051535408163,0.08680304820251579,0.02798375399993347,0.09535116799986554
Smooth Poisson,RCHC,5,1569,3034,1144,0.7798227675528289,1,2461,7642,0.003456335487602231,0.09820900516571204,0.09820900516571204,0.5017432419759097,0.14684165425262088,0.09852418499986015,0.1938753529997257
Smooth Poisson,RCHC,6,2677,5214,1633,0.6431666010240252,1,3622,10685,0.003151049695216315,0.06652117230788031,0.06652117230788031,0.36495757241719284,0.04903069833780984,0.20022145699999783,0.3940968099997235
Smooth Poisson,RCHC,7,4896,9618,3378,0.7150719729043183,1,7328,22482,0.0029542792688648303,0.052474796928910473,0.052474796928910473,0.2779467887977238,0.0509130262150255,0.30614974400009487,0.7002465539998184
L-shaped singularity,HLRC-r0,0,65,96,33,1.0,0,96,177,0.019262555173412486,0.18451035318832681,0.18451035318832681,0.5288212008554289,0.0,0.0018053279999321603,0.0018053279999321603
L-shaped singularity,HLRC-r0,1,78,122,13,0.2826086956521739,0,40,45,0.015100719331810397,0.14024785486363106,0.14024785486363106,0.4109781334759324,0.25032262168092484,0.0027290579999998954,0.004534385999932056
L-shaped singularity,HLRC-r0,2,112,186,30,0.39473684210526316,0,94,106,0.014243326858148117,0.11630169845568446,0.11630169845568446,0.3256406811697585,0.41557281602876306,0.003959923000138588,0.008494309000070643
L-shaped singularity,HLRC-r0,3,180,320,66,0.4647887323943662,0,196,252,0.013556102568555927,0.09701482391870893,0.09701482391870893,0.2512424989937758,0.38368152726556193,0.006740788000001885,0.015235097000072528
L-shaped singularity,HLRC-r0,4,346,642,156,0.5234899328859061,0,484,556,0.0133786272919729,0.08274319391668294,0.08274319391668294,0.1818653264093248,0.40738515016932947,0.013369258000011541,0.02860435500008407
L-shaped singularity,HLRC-r0,5,643,1220,281,0.4853195164075993,0,847,1081,0.013242972439938057,0.07474623254507964,0.07474623254507964,0.1362562635033673,0.4853477576965379,0.02437903800012009,0.05298339300020416
L-shaped singularity,HLRC-r0,6,1179,2265,509,0.4678308823529412,0,1520,2015,0.013210725321885927,0.07010694936637685,0.07010694936637685,0.10162559824940226,0.5284615553241157,0.04602721499998097,0.09901060800018513
L-shaped singularity,HLRC-r0,7,2179,4235,970,0.4713313896987366,0,2841,3938,0.0131802466024111,0.0672356087690728,0.0672356087690728,0.07601929335144055,0.5604007467489887,0.08310120100009044,0.18211180900027557
L-shaped singularity,HLRC-r1,0,65,96,33,1.0,1,96,177,0.019262555173412486,0.18451035318832681,0.18451035318832681,0.5288212008554289,0.0,0.00170751299992844,0.00170751299992844
L-shaped singularity,HLRC-r1,1,78,122,24,0.5217391304347826,1,62,134,0.010530183798421924,0.1350913467149999,0.1350913467149999,0.4237659468946922,0.04857545224710415,0.003023583999947732,0.004731096999876172
L-shaped singularity,HLRC-r1,2,104,170,38,0.5588235294117647,1,98,216,0.00819495139244788,0.10441904225747312,0.10441904225747312,0.33416388139603254,0.09118115395089467,0.004074482999953943,0.008805579999830115
L-shaped singularity,HLRC-r1,3,190,338,139,0.9266666666666666,1,326,857,0.004634465049765396,0.07597639207627983,0.07597639207627983,0.2520904243857585,0.08245258531390338,0.009223189999829629,0.018028769999659744
L-shaped singularity,HLRC-r1,4,331,610,228,0.8113879003558719,1,576,1354,0.0035133843231042253,0.05563372320761725,0.05563372320761725,0.18608970854035314,0.09056828990438379,0.01624303100004454,0.03427180099970428
L-shaped singularity,HLRC-r1,5,624,1172,461,0.8381818181818181,1,1094,2875,0.002911620220449214,0.04089910118231026,0.04089910118231026,0.13748519982570556,0.08879003226007182,0.03020512900002359,0.06447692999972787
L-shaped singularity,HLRC-r1,6,1107,2116,773,0.7645895153313551,1,1802,4911,0.0026656686249532852,0.030990684472196196,0.030990684472196196,0.10351746549561477,0.09895514951719639,0.0534132300000465,0.11789015999977437
L-shaped singularity,HLRC-r1,7,2022,3916,1456,0.7679324894514767,1,3332,9366,0.0024749632614846293,0.02360410804690987,0.02360410804690987,0.07699929100936341,0.09024103296407927,0.09837065800002165,0.21626081799979602
L-shaped singularity,HLRC-r2,0,65,96,33,1.0,2,96,177,0.019262555173412486,0.18451035318832681,0.18451035318832681,0.5288212008554289,0.0,0.001874930999974822,0.001874930999974822
L-shaped singularity,HLRC-r2,1,78,122,35,0.7608695652173914,2,94,203,0.009602417100782802,0.13488752874569365,0.13488752874569365,0.4252091548848089,0.022069108029365174,0.0036532329999090507,0.005528163999883873
L-shaped singularity,HLRC-r2,2,104,170,53,0.7794117647058824,2,136,317,0.005845518364134681,0.10356512427019435,0.10356512427019435,0.3372580918429652,0.04110566481544506,0.004987528000015118,0.01051569199989899
L-shaped singularity,HLRC-r2,3,190,338,150,1.0,2,338,960,0.002412809564934271,0.07508003691470067,0.07508003691470067,0.2543423116185174,8.985076348884167e-15,0.010582088999854022,0.021097780999753013
L-shaped singularity,HLRC-r2,4,328,602,272,0.9855072463768116,2,598,1770,0.0013073706593055622,0.054804342512938996,0.054804342512938996,0.18929152600913038,0.012213406292306831,0.01703797899995152,0.03813575999970453
L-shaped singularity,HLRC-r2,5,598,1120,518,0.9885496183206107,2,1118,3424,0.0007753649259265279,0.040030020582084214,0.040030020582084214,0.14123982540163227,0.020238733579251815,0.03319416600004388,0.07132992599974841
L-shaped singularity,HLRC-r2,6,1090,2084,937,0.9407630522088354,2,2011,6235,0.0005203632307770069,0.029332532756699174,0.029332532756699174,0.10514725480715402,0.02687599886423751,0.059990753999954904,0.13132067999970332
L-shaped singularity,HLRC-r2,7,1960,3790,1689,0.9219432314410481,2,3663,11187,0.0003489007927662246,0.02151936542408311,0.02151936542408311,0.07838997927123176,0.02404900904186097,0.10718960799999877,0.2385102879997021
L-shaped singularity,RCHC,0,65,96,33,1.0,-1,96,177,0.019262555173412486,0.18451035318832681,0.18451035318832681,0.5288212008554289,0.0,0.0018903280000586165,0.0018903280000586165
L-shaped singularity,RCHC,1,78,122,24,0.5217391304347826,1,62,134,0.010530183798421924,0.1350913467149999,0.1350913467149999,0.4237659468946922,0.04857545224710415,0.004054862999964826,0.005945191000023442
L-shaped singularity,RCHC,2,104,170,38,0.5588235294117647,1,98,216,0.00819495139244788,0.10441904225747312,0.10441904225747312,0.33416388139603254,0.09118115395089467,0.0052657899999530855,0.011210980999976528
L-shaped singularity,RCHC,3,190,338,139,0.9266666666666666,1,326,857,0.004634465049765396,0.07597639207627983,0.07597639207627983,0.2520904243857585,0.08245258531390338,0.01575435600000219,0.026965336999978717
L-shaped singularity,RCHC,4,331,610,228,0.8113879003558719,1,576,1354,0.0035133843231042253,0.05563372320761725,0.05563372320761725,0.18608970854035314,0.09056828990438379,0.019753597999965677,0.046718934999944395
L-shaped singularity,RCHC,5,624,1172,461,0.8381818181818181,1,1094,2875,0.002911620220449214,0.04089910118231026,0.04089910118231026,0.13748519982570556,0.08879003226007182,0.038655156000004354,0.08537409099994875
L-shaped singularity,RCHC,6,1107,2116,773,0.7645895153313551,1,1802,4911,0.0026656686249532852,0.030990684472196196,0.030990684472196196,0.10351746549561477,0.09895514951719639,0.07669036400011464,0.1620644550000634
L-shaped singularity,RCHC,7,2022,3916,1456,0.7679324894514767,1,3332,9366,0.0024749632614846293,0.02360410804690987,0.02360410804690987,0.07699929100936341,0.09024103296407927,0.1881468239998867,0.3502112789999501
High-contrast interface (1e4),HLRC-r0,0,81,128,49,1.0,0,128,289,0.0009955829820487566,0.02295233411854685,0.022961566825354753,0.1288943316842016,0.0,0.0022248299999318988,0.0022248299999318988
High-contrast interface (1e4),HLRC-r0,1,128,222,47,0.4895833333333333,0,136,193,0.0005872390280109075,0.016504022008722627,0.016516655655609114,0.08709634748677142,0.26022784743841804,0.004881962000013118,0.007106791999945017
High-contrast interface (1e4),HLRC-r0,2,204,364,66,0.4074074074074074,0,211,228,0.0004527202251072064,0.011812370022355436,0.01182907545910588,0.06400866831317818,0.30634197117916684,0.007135432999916702,0.014242224999861719
High-contrast interface (1e4),HLRC-r0,3,349,652,143,0.46885245901639344,0,416,605,0.0003818391556868406,0.009967977084948542,0.009987455552572471,0.04719460972854341,0.5374508631054952,0.01300368600004731,0.02724591099990903
High-contrast interface (1e4),HLRC-r0,4,583,1097,211,0.40891472868217055,0,627,849,0.00035451924162160795,0.007906960659233114,0.007931351364430518,0.035028385358428324,0.48317764275545705,0.02125166899998021,0.04849757999988924
High-contrast interface (1e4),HLRC-r0,5,1101,2124,509,0.49658536585365853,0,1455,2211,0.0003311387289286194,0.006846199001215127,0.006874081145421623,0.02615709595171144,0.6780179160608746,0.044218321000130345,0.09271590100001958
High-contrast interface (1e4),HLRC-r0,6,1850,3597,724,0.41395082904516867,0,2096,3108,0.0003231365106736098,0.005992082883020212,0.0060239050570021066,0.01977709361885613,0.6212572136131866,0.07155986399993708,0.16427576499995666
High-contrast interface (1e4),HLRC-r0,7,3532,6924,1645,0.48467884502062464,0,4794,6797,0.0003173282808741808,0.005445693347002094,0.0054567219504191656,0.014954423512007946,0.7134200105924013,0.13586382500000127,0.30013958999995793
High-contrast interface (1e4),HLRC-r1,0,81,128,49,1.0,1,128,289,0.0009955829820487566,0.02295233411854685,0.022961566825354753,0.1288943316842016,0.0,0.0023358440000720293,0.0023358440000720293
High-contrast interface (1e4),HLRC-r1,1,128,222,75,0.78125,1,177,469,0.0005040203680614501,0.015966418255862754,0.015979383738736797,0.08651055091439844,0.03222473418089989,0.006375647000140816,0.008711491000212845
High-contrast interface (1e4),HLRC-r1,2,210,376,126,0.75,1,320,744,0.0003058202883746497,0.010895057951460443,0.010912589900757738,0.06331849548521268,0.039964469550147624,0.009745644999952674,0.01845713600016552
High-contrast interface (1e4),HLRC-r1,3,369,692,264,0.8123076923076923,1,598,1692,0.0001954700931738701,0.007956233604791776,0.007980123588090074,0.04465006486432574,0.053721810051993224,0.017758939000032115,0.036216075000197634
High-contrast interface (1e4),HLRC-r1,4,661,1256,437,0.7319932998324958,1,1004,2785,0.00013479132700243405,0.005721694156442406,0.005754575472353118,0.032654978389655205,0.047056493622117355,0.030681866000008995,0.06689794100020663
High-contrast interface (1e4),HLRC-r1,5,1161,2246,766,0.7046918123275069,1,1703,5036,9.923416607039804e-05,0.004354173523297988,0.004397010307252742,0.024497503488185864,0.054671501477939824,0.056056170000147176,0.1229541110003538
High-contrast interface (1e4),HLRC-r1,6,2051,4007,1376,0.7027579162410623,1,3006,9062,8.705307462821472e-05,0.0031044875589261067,0.003164251660506267,0.01804950871430417,0.05081822626183537,0.14438667600006738,0.2673407870004212
High-contrast interface (1e4),HLRC-r1,7,3888,7640,2777,0.7397442727757059,1,6124,18365,7.787713551506035e-05,0.0023779859510706654,0.0024004405304677173,0.013388248764946417,0.0656121083672714,0.19090556100002232,0.4582463480004435
High-contrast interface (1e4),HLRC-r2,0,81,128,49,1.0,2,128,289,0.0009955829820487566,0.02295233411854685,0.022961566825354753,0.1288943316842016,0.0,0.0026926640000510815,0.0026926640000510815
High-contrast interface (1e4),HLRC-r2,1,128,222,85,0.8854166666666666,2,198,537,0.0005350652107906372,0.015954783528856434,0.015967755676697455,0.08629657382870332,0.00021227199490869342,0.006264340999905471,0.008957004999956553
High-contrast interface (1e4),HLRC-r2,2,210,376,157,0.9345238095238095,2,357,985,0.0002769685232133348,0.0108797658321538,0.010897316835635723,0.0634354191526967,0.022306460479679734,0.010215760999926715,0.019172765999883268
High-contrast interface (1e4),HLRC-r2,3,365,684,304,0.9470404984423676,2,662,1992,0.0001469423715927816,0.008058683532582737,0.008082265856612598,0.04522710858656219,0.02673569894805625,0.01909796599989022,0.03827073199977349
High-contrast interface (1e4),HLRC-r2,4,652,1236,499,0.8515358361774744,2,1109,3259,9.103769621639689e-05,0.005700954612430714,0.0057339128922221224,0.033116836298748585,0.016320276399676776,0.03276549600002454,0.07103622799979803
High-contrast interface (1e4),HLRC-r2,5,1149,2222,913,0.8493023255813954,2,1954,6119,5.18888626574122e-05,0.004380717792558078,0.004423286580997051,0.024771177711764118,0.022367770859460262,0.058728632999986985,0.12976486099978501
High-contrast interface (1e4),HLRC-r2,6,2014,3930,1502,0.7831074035453598,2,3191,10104,3.523629540902791e-05,0.0030618116935343348,0.003122379892022156,0.01829317927808213,0.012423801257312529,0.10363053899993702,0.23339539999972203
High-contrast interface (1e4),HLRC-r2,7,3823,7511,3191,0.864769647696477,2,6811,21449,2.3729230010147907e-05,0.0023359729991375344,0.0023585554793140126,0.013542986410915642,0.022245966557312084,0.2596643800000038,0.49305977999972583
High-contrast interface (1e4),RCHC,0,81,128,49,1.0,-1,128,289,0.0009955829820487566,0.02295233411854685,0.022961566825354753,0.1288943316842016,0.0,0.002340840999977445,0.002340840999977445
High-contrast interface (1e4),RCHC,1,128,222,75,0.78125,1,177,469,0.0005040203680614501,0.015966418255862754,0.015979383738736797,0.08651055091439844,0.03222473418089989,0.008669577999853573,0.011010418999831018
High-contrast interface (1e4),RCHC,2,210,376,126,0.75,1,320,744,0.0003058202883746497,0.010895057951460443,0.010912589900757738,0.06331849548521268,0.039964469550147624,0.012257951000037792,0.02326836999986881
High-contrast interface (1e4),RCHC,3,369,692,264,0.8123076923076923,1,598,1692,0.0001954700931738701,0.007956233604791776,0.007980123588090074,0.04465006486432574,0.053721810051993224,0.023896933000060017,0.047165302999928826
High-contrast interface (1e4),RCHC,4,661,1256,437,0.7319932998324958,1,1004,2785,0.00013479132700243405,0.005721694156442406,0.005754575472353118,0.032654978389655205,0.047056493622117355,0.04029174900006183,0.08745705199999065
High-contrast interface (1e4),RCHC,5,1161,2246,766,0.7046918123275069,1,1703,5036,9.923416607039804e-05,0.004354173523297988,0.004397010307252742,0.024497503488185864,0.054671501477939824,0.0742733470000303,0.16173039900002095
High-contrast interface (1e4),RCHC,6,2051,4007,1376,0.7027579162410623,1,3006,9062,8.705307462821472e-05,0.0031044875589261067,0.003164251660506267,0.01804950871430417,0.05081822626183537,0.12605280399998264,0.2877832030000036
High-contrast interface (1e4),RCHC,7,3888,7640,2777,0.7397442727757059,1,6124,18365,7.787713551506035e-05,0.0023779859510706654,0.0024004405304677173,0.013388248764946417,0.0656121083672714,0.25842299400005686,0.5462061970000605
Localized reaction-diffusion layer,HLRC-r0,0,81,128,49,1.0,0,128,289,0.0026384577397953603,0.06120865148715092,0.0612654917234832,0.3110934215764373,0.0,0.0022781789999726243,0.0022781789999726243
Localized reaction-diffusion layer,HLRC-r0,1,86,138,5,0.09259259259259259,0,16,15,0.001503226911492073,0.04658170120560513,0.04660595003168275,0.2355258900016345,0.3214163401096122,0.0028242280000085884,0.005102406999981213
Localized reaction-diffusion layer,HLRC-r0,2,111,188,25,0.31645569620253167,0,74,91,0.001026822433643055,0.031651636409038744,0.031668287792051844,0.14249924533140368,0.3306155491485189,0.004224045000000842,0.009326451999982055
Localized reaction-diffusion layer,HLRC-r0,3,175,316,64,0.44755244755244755,0,192,238,0.0009005571763859611,0.023828004159913974,0.02384501594616405,0.09684426513672435,0.4506730812084059,0.006817171000079725,0.01614362300006178
Localized reaction-diffusion layer,HLRC-r0,4,283,532,108,0.4302788844621514,0,318,420,0.0008770456438366028,0.019160711240929367,0.019180773298270583,0.06810995202605008,0.5444144020986457,0.010645007999983136,0.026788631000044916
Localized reaction-diffusion layer,HLRC-r0,5,462,890,179,0.41627906976744183,0,517,757,0.0008569136945726323,0.017200787074225492,0.01722211883168819,0.04917289931387911,0.7356260111386725,0.017262611999967703,0.04405124300001262
Localized reaction-diffusion layer,HLRC-r0,6,859,1682,395,0.47878787878787876,0,1152,1607,0.0008417388334461753,0.015416373310115384,0.01543933581150981,0.03619626028937429,0.7060763445572965,0.03348607500004164,0.07753731800005426
Localized reaction-diffusion layer,HLRC-r0,7,1668,3296,805,0.4938650306748466,0,2340,3319,0.0008332355213450756,0.014524052550109393,0.014547934008386564,0.026301377671026843,0.7887004933326613,0.06588194699997985,0.1434192650000341
Localized reaction-diffusion layer,HLRC-r1,0,81,128,49,1.0,1,128,289,0.0026384577397953603,0.06120865148715092,0.0612654917234832,0.3110934215764373,0.0,0.0022227769999290103,0.0022227769999290103
Localized reaction-diffusion layer,HLRC-r1,1,86,138,13,0.24074074074074073,1,37,71,0.001451126739463085,0.044962540071480636,0.044985950901292364,0.23222128798235225,0.08445544752550997,0.0033323320000135936,0.005555108999942604
Localized reaction-diffusion layer,HLRC-r1,2,111,188,45,0.569620253164557,1,107,287,0.0006801587680243842,0.028581870668860296,0.028589962344871614,0.14388784700534887,0.06166122840417259,0.004713570999911099,0.010268679999853703
Localized reaction-diffusion layer,HLRC-r1,3,177,320,116,0.8,1,250,770,0.00035163045927743213,0.018865326841203664,0.018868603573273014,0.09562428794327375,0.05025938170575031,0.008332778999943002,0.018601458999796705
Localized reaction-diffusion layer,HLRC-r1,4,301,568,212,0.7881040892193308,1,472,1390,0.00032317489291350775,0.012503705990390883,0.012507881735351773,0.06574302963427127,0.07205812319909531,0.01443029300003218,0.033031751999828884
Localized reaction-diffusion layer,HLRC-r1,5,474,914,302,0.6832579185520362,1,681,1950,0.0002977137623800052,0.009824837965886934,0.009829347615190125,0.04810338753468837,0.12980314942613855,0.022132114999863006,0.05516386699969189
Localized reaction-diffusion layer,HLRC-r1,6,876,1718,667,0.7902843601895735,1,1460,4407,0.00028753850601715255,0.006865147031043028,0.006871165996414398,0.03492397512281737,0.0846498133935028,0.04592745700006162,0.10109132399975351
Localized reaction-diffusion layer,HLRC-r1,7,1516,2997,1054,0.7107215104517869,1,2339,6932,0.00027835392783412036,0.005424070189589655,0.005431207815093788,0.02575291053698523,0.13450392735647648,0.07440761699990617,0.17549894099965968
Localized reaction-diffusion layer,HLRC-r2,0,81,128,49,1.0,2,128,289,0.0026384577397953603,0.06120865148715092,0.0612654917234832,0.3110934215764373,0.0,0.0021564180000268607,0.0021564180000268607
Localized reaction-diffusion layer,HLRC-r2,1,86,138,23,0.42592592592592593,2,66,131,0.0013967661645098229,0.04483724562803203,0.04485899632433606,0.23222077407877137,0.030252864135741842,0.003515883999966718,0.005672301999993579
Localized reaction-diffusion layer,HLRC-r2,2,111,188,55,0.6962025316455697,2,132,347,0.0006239354340416768,0.028464670471523044,0.02847150787152392,0.1438189493056633,0.016667234531954872,0.005136578000019654,0.010808880000013232
Localized reaction-diffusion layer,HLRC-r2,3,177,320,127,0.8758620689655172,2,280,845,0.00027714933335927825,0.018814205662730194,0.018816246875306735,0.09558467066719943,0.026238772088920788,0.009376010999972095,0.020184890999985328
Localized reaction-diffusion layer,HLRC-r2,4,301,568,245,0.9107806691449815,2,516,1657,0.0002174887576172148,0.012394695327846955,0.01239660331017497,0.06598096646561191,0.04653206930524707,0.015488671999946746,0.035673562999932074
Localized reaction-diffusion layer,HLRC-r2,5,474,914,374,0.8461538461538461,2,805,2504,0.0001770038098163449,0.00968906142539238,0.009690678080181805,0.04827970372828865,0.06896387555445667,0.025600489999987985,0.06127405299992006
Localized reaction-diffusion layer,HLRC-r2,6,873,1712,765,0.9096313912009513,2,1595,5213,0.00016920700397257864,0.0067035915186100265,0.006705726676399334,0.03512443358602272,0.05063475122819439,0.04692428599992127,0.10819833899984133
Localized reaction-diffusion layer,HLRC-r2,7,1513,2991,1258,0.85,2,2669,8496,0.000156525397800506,0.00521107971827323,0.005213429967915097,0.025875871976199522,0.08051734417782681,0.07980628399991474,0.18800462299975607
Localized reaction-diffusion layer,RCHC,0,81,128,49,1.0,-1,128,289,0.0026384577397953603,0.06120865148715092,0.0612654917234832,0.3110934215764373,0.0,0.002154675999918254,0.002154675999918254
Localized reaction-diffusion layer,RCHC,1,86,138,13,0.24074074074074073,1,37,71,0.001451126739463085,0.044962540071480636,0.044985950901292364,0.23222128798235225,0.08445544752550997,0.0039340050000191695,0.006088680999937424
Localized reaction-diffusion layer,RCHC,2,111,188,45,0.569620253164557,1,107,287,0.0006801587680243842,0.028581870668860296,0.028589962344871614,0.14388784700534887,0.06166122840417259,0.00603857600003721,0.012127256999974634
Localized reaction-diffusion layer,RCHC,3,177,320,116,0.8,1,250,770,0.00035163045927743213,0.018865326841203664,0.018868603573273014,0.09562428794327375,0.05025938170575031,0.010864554000022508,0.022991810999997142
Localized reaction-diffusion layer,RCHC,4,301,568,212,0.7881040892193308,1,472,1390,0.00032317489291350775,0.012503705990390883,0.012507881735351773,0.06574302963427127,0.07205812319909531,0.01953373699984695,0.04252554799984409
Localized reaction-diffusion layer,RCHC,5,474,914,302,0.6832579185520362,1,681,1950,0.0002977137623800052,0.009824837965886934,0.009829347615190125,0.04810338753468837,0.12980314942613855,0.02818605499999194,0.07071160299983603
Localized reaction-diffusion layer,RCHC,6,876,1718,667,0.7902843601895735,1,1460,4407,0.00028753850601715255,0.006865147031043028,0.006871165996414398,0.03492397512281737,0.0846498133935028,0.05778739200002292,0.12849899499985895
Localized reaction-diffusion layer,RCHC,7,1516,2997,1054,0.7107215104517869,1,2339,6932,0.00027835392783412036,0.005424070189589655,0.005431207815093788,0.02575291053698523,0.13450392735647648,0.09465306500010229,0.22315205999996124
