Problem,Level,Halo,DOF,InteriorDOF,ActiveDOF,ActiveFraction,TouchedCells,LocalNNZ,Energy,DirectEnergy,ProlongedEnergy,RecoveryFraction,WorkNormalizedRecovery,Solve_s
Smooth Poisson,1,0,160,126,77,0.6111111111111112,226,309,0.33811156667032244,0.3262808861815882,0.4080789479450665,0.8691473603698123,1.422241135150602,0.0022029070000826323
Smooth Poisson,1,1,160,126,123,0.9761904761904762,272,799,0.3263599925498119,0.3262808861815882,0.4080789479450665,0.9991405239264438,1.0235098049978206,0.003691015000072184
Smooth Poisson,1,2,160,126,126,1.0,284,820,0.3262808861815882,0.3262808861815882,0.4080789479450665,1.0,1.0,0.003514522000045872
Smooth Poisson,1,3,160,126,126,1.0,284,820,0.3262808861815882,0.3262808861815882,0.4080789479450665,1.0,1.0,0.003389907000041603
Smooth Poisson,1,999,160,126,126,1.0,284,820,0.3262808861815882,0.3262808861815882,0.4080789479450665,1.0,1.0,0.0033350459999610393
Smooth Poisson,2,0,265,211,85,0.4028436018957346,274,313,0.2165673804794896,0.21031796634114489,0.32628017225399286,0.9571268964255438,2.3759267664210557,0.0022074029999430422
Smooth Poisson,2,1,265,211,129,0.6113744075829384,344,735,0.21234205171600545,0.21031796634114489,0.32628017225399286,0.9862515301977718,1.6131711075327895,0.003444758999989972
Smooth Poisson,2,2,265,211,164,0.7772511848341233,408,972,0.2116638396507328,0.21031796634114489,0.32628017225399286,0.9908729111762594,1.2748425869401874,0.004301098999917485
Smooth Poisson,2,3,265,211,190,0.9004739336492891,450,1186,0.21120286853040554,0.21031796634114489,0.32628017225399286,0.9940055590657654,1.1038693313835606,0.005109006999987287
Smooth Poisson,2,999,265,211,211,1.0,474,1359,0.21031796634114489,0.21031796634114489,0.32628017225399286,1.0,1.0,0.005411625999954595
Smooth Poisson,3,0,506,450,239,0.5311111111111111,678,1049,0.18248001576783912,0.17958059486847713,0.21031796303587802,0.9124060246736961,1.7179192933186749,0.0058331619999307804
Smooth Poisson,3,1,506,450,366,0.8133333333333334,800,2432,0.17972152801607194,0.17958059486847713,0.21031796303587802,0.9957747284370471,1.2243131907012874,0.0097999949999803
Smooth Poisson,3,2,506,450,422,0.9377777777777778,894,2826,0.17958643148813064,0.17958059486847713,0.21031796303587802,0.9998250799695461,1.0661641848016485,0.011346699000000626
Smooth Poisson,3,3,506,450,438,0.9733333333333334,924,2944,0.1795820784469499,0.17958059486847713,0.21031796303587802,0.9999555385716633,1.0273515807243117,0.011567366000008406
Smooth Poisson,3,999,506,450,450,1.0,954,3028,0.17958059486847713,0.17958059486847713,0.21031796303587802,1.0,1.0,0.011712461000001895
Smooth Poisson,4,0,788,704,254,0.36079545454545453,748,1102,0.1200645731338643,0.11906536140156494,0.17958060230789644,0.9867788250034643,2.7350090267812552,0.006959751999943364
Smooth Poisson,4,1,788,704,376,0.5340909090909091,880,2376,0.11936184185378317,0.11906536140156494,0.17958060230789644,0.9960886160176947,1.8650169831820669,0.00995158899991111
Smooth Poisson,4,2,788,704,440,0.625,1020,2796,0.11930386482108693,0.11906536140156494,0.17958060230789644,0.9968542559722292,1.5949668095555667,0.011660264000056486
Smooth Poisson,4,3,788,704,508,0.7215909090909091,1176,3236,0.11927151204246392,0.11906536140156494,0.17958060230789644,0.9972813424179017,1.3820591831933127,0.01316218099998423
Smooth Poisson,4,999,788,704,704,1.0,1490,4738,0.11906536140156496,0.11906536140156494,0.17958060230789644,1.0,1.0,0.018492156999968756
Smooth Poisson,5,0,1567,1465,761,0.5194539249146758,2150,3433,0.09848292124808203,0.09712698597872389,0.11906529825564308,0.9440775229211332,1.8174422747430488,0.02007819899995411
Smooth Poisson,5,1,1567,1465,1148,0.783617747440273,2480,7644,0.09718662640741269,0.09712698597872389,0.11906529825564308,0.997556566196623,1.2730142591272238,0.03315119799992772
Smooth Poisson,5,2,1567,1465,1255,0.856655290102389,2624,8527,0.09714130383526214,0.09712698597872389,0.11906529825564308,0.9994135425342988,1.1666460875001974,0.033152290000089124
Smooth Poisson,5,3,1567,1465,1321,0.9017064846416383,2756,8981,0.09713411146386736,0.09712698597872389,0.11906529825564308,0.9997081518985063,1.108684665050198,0.03608652099990195
Smooth Poisson,5,999,1567,1465,1465,1.0,3030,10029,0.09712698597872386,0.09712698597872389,0.11906529825564308,1.0,1.0,0.03925512099999651
Smooth Poisson,6,0,2620,2482,1017,0.40975020145044316,2924,4445,0.06660222110115795,0.06549126401371183,0.09712698692698567,0.9714746071733572,2.3708947640160005,0.02454092799996488
Smooth Poisson,6,1,2620,2482,1572,0.6333601933924254,3512,10226,0.06559036252092694,0.06549126401371183,0.09712698692698567,0.9974749970753058,1.5748937294789498,0.04139493399998173
Smooth Poisson,6,2,2620,2482,1822,0.734085414987913,3954,12080,0.06553048331469373,0.06549126401371183,0.09712698692698567,0.9990011593994569,1.360878637557328,0.04858835299990005
Smooth Poisson,6,3,2620,2482,2018,0.8130539887187752,4332,13490,0.06551732489747135,0.06549126401371183,0.09712698692698567,0.9993363457814756,1.2291143757332121,0.05301858500001799
Smooth Poisson,6,999,2620,2482,2482,1.0,5100,17028,0.06549126401371183,0.06549126401371183,0.09712698692698567,1.0,1.0,0.06715404900000976
Smooth Poisson,7,0,4776,4604,2122,0.46090356211989575,6050,9372,0.05177626011394159,0.051004948824920696,0.06549126203025417,0.9530242482358564,2.067730272798248,0.05054102999997667
Smooth Poisson,7,1,4776,4604,3316,0.7202432667245873,7215,22034,0.05106308069757993,0.051004948824920696,0.06549126203025417,0.9964841173302923,1.3835382618180536,0.08803905500008113
Smooth Poisson,7,2,4776,4604,3775,0.8199391833188532,7997,25463,0.05102136702190235,0.051004948824920696,0.06549126203025417,0.9990074143412926,1.218392088907897,0.10297747000004165
Smooth Poisson,7,3,4776,4604,4096,0.889661164205039,8492,28006,0.05101064266968426,0.051004948824920696,0.06549126203025417,0.9996558066273316,1.1236365560820885,0.11456352400000469
Smooth Poisson,7,999,4776,4604,4604,1.0,9378,31798,0.05100494882492069,0.051004948824920696,0.06549126203025417,1.0,1.0,0.14091154799996275
L-shaped singularity,1,0,78,46,13,0.2826086956521739,40,45,0.14024785486363106,0.13484776149626257,0.18841795421073407,0.9142168316522915,3.234921096615801,0.0006198390000236031
L-shaped singularity,1,1,78,46,24,0.5217391304347826,62,134,0.1350913467149999,0.13484776149626257,0.18841795421073407,0.9962030586968069,1.9093891958355467,0.0008098209999616302
L-shaped singularity,1,2,78,46,35,0.7608695652173914,94,203,0.13488752874569365,0.13484776149626257,0.18841795421073407,0.9993805867841287,1.3134716283448546,0.0011526099999628059
L-shaped singularity,1,3,78,46,46,1.0,122,264,0.13484776149626257,0.13484776149626257,0.18841795421073407,1.0,1.0,0.0013738779999812323
L-shaped singularity,1,999,78,46,46,1.0,122,264,0.13484776149626257,0.13484776149626257,0.18841795421073407,1.0,1.0,0.0013788050000584917
L-shaped singularity,2,0,104,68,22,0.3235294117647059,70,78,0.10724173746913275,0.10341028590464102,0.13795129280895418,0.9031887464863605,2.7916743073214776,0.0007362220000004527
L-shaped singularity,2,1,104,68,38,0.5588235294117647,98,216,0.10385575753834836,0.10341028590464102,0.13795129280895418,0.9889249656869815,1.769655201755651,0.0011418440000170449
L-shaped singularity,2,2,104,68,53,0.7794117647058824,136,317,0.10346951234403669,0.10341028590464102,0.13795129280895418,0.9985302936285119,1.2811332069196002,0.0015783510000346723
L-shaped singularity,2,3,104,68,68,1.0,170,410,0.10341028590464103,0.10341028590464102,0.13795129280895418,0.9999999999999996,0.9999999999999996,0.0019704630000205725
L-shaped singularity,2,999,104,68,68,1.0,170,410,0.10341028590464103,0.10341028590464102,0.13795129280895418,1.0,1.0,0.0029361139999082297
L-shaped singularity,3,0,190,150,82,0.5466666666666666,248,310,0.07744138067303286,0.07508003691470068,0.10502188792610316,0.9332128288376159,1.7070966381175903,0.0024636339999233314
L-shaped singularity,3,1,190,150,139,0.9266666666666666,326,857,0.07515477157394197,0.07508003691470068,0.10502188792610316,0.9979179285597459,1.0768898509637546,0.003891843000019435
L-shaped singularity,3,2,190,150,150,1.0,338,960,0.07508003691470068,0.07508003691470068,0.10502188792610316,1.0,1.0,0.004413064999994276
L-shaped singularity,3,3,190,150,150,1.0,338,960,0.07508003691470068,0.07508003691470068,0.10502188792610316,1.0,1.0,0.005091991000085727
L-shaped singularity,3,999,190,150,150,1.0,338,960,0.07508003691470068,0.07508003691470068,0.10502188792610316,1.0,1.0,0.0041798290000087945
L-shaped singularity,4,0,328,276,126,0.45652173913043476,388,468,0.056425782784532044,0.05479170473630452,0.07601706350037596,0.9345433190985962,2.047094889454068,0.00340550099997472
L-shaped singularity,4,1,328,276,222,0.8043478260869565,556,1326,0.05494833972424043,0.05479170473630452,0.07601706350037596,0.9938089827519545,1.2355463028808082,0.005967039999973167
L-shaped singularity,4,2,328,276,272,0.9855072463768116,598,1770,0.054804342512939024,0.05479170473630452,0.07601706350037596,0.9995011457571933,1.0141996920183285,0.007218166000029669
L-shaped singularity,4,3,328,276,276,1.0,602,1806,0.05479170473630452,0.05479170473630452,0.07601706350037596,1.0,1.0,0.007007713000007243
L-shaped singularity,4,999,328,276,276,1.0,602,1806,0.05479170473630452,0.05479170473630452,0.07601706350037596,1.0,1.0,0.007339505999993889
L-shaped singularity,5,0,598,524,248,0.4732824427480916,759,940,0.041086755734723965,0.04000992835929659,0.054978564670506234,0.9385819603487471,1.9831328517046107,0.006785222999951657
L-shaped singularity,5,1,598,524,432,0.8244274809160306,1034,2690,0.04008712255390801,0.04000992835929659,0.054978564670506234,0.995651415312632,1.2076882907958777,0.011573806000001241
L-shaped singularity,5,2,598,524,518,0.9885496183206107,1118,3424,0.04002839988005429,0.04000992835929659,0.054978564670506234,0.9989602057130034,1.0105311733467446,0.0134897570000021
L-shaped singularity,5,3,598,524,524,1.0,1120,3486,0.040009928359296586,0.04000992835929659,0.054978564670506234,1.0000000000000002,1.0000000000000002,0.013486972999999125
L-shaped singularity,5,999,598,524,524,1.0,1120,3486,0.040009928359296586,0.04000992835929659,0.054978564670506234,1.0,1.0,0.013554953999914687
L-shaped singularity,6,0,1092,998,474,0.4749498997995992,1408,1914,0.029979344359605548,0.02928580970541911,0.040279209241482226,0.9462541835528966,1.9923242092527234,0.011231447999989541
L-shaped singularity,6,1,1092,998,794,0.7955911823647295,1823,5082,0.029349419081840206,0.02928580970541911,0.040279209241482226,0.9951229541054124,1.250796861709322,0.020606001000032848
L-shaped singularity,6,2,1092,998,939,0.9408817635270541,2015,6249,0.02930689763376385,0.02928580970541911,0.040279209241482226,0.9983843229240066,1.0611156062600198,0.02528248699991309
L-shaped singularity,6,3,1092,998,980,0.9819639278557114,2058,6610,0.02928763580191667,0.02928580970541911,0.040279209241482226,0.9998601374070749,1.0182249154410825,0.02589633800005231
L-shaped singularity,6,999,1092,998,998,1.0,2088,6740,0.02928580970541912,0.02928580970541911,0.040279209241482226,1.0,1.0,0.026049044000046706
L-shaped singularity,7,0,1968,1840,842,0.45760869565217394,2488,3430,0.021929049366245096,0.021443524265943488,0.029278713856655904,0.9470118250733166,2.0694795227255374,0.019705224999938764
L-shaped singularity,7,1,1968,1840,1402,0.7619565217391304,3235,8948,0.02149106695636895,0.021443524265943488,0.029278713856655904,0.9948637853084707,1.3056700178085494,0.03673195900000792
L-shaped singularity,7,2,1968,1840,1704,0.9260869565217391,3682,11308,0.021459256254040087,0.021443524265943488,0.029278713856655904,0.9983016737179095,1.0779783331226251,0.044168177999949876
L-shaped singularity,7,3,1968,1840,1824,0.991304347826087,3790,12396,0.02144479110074286,0.021443524265943488,0.029278713856655904,0.9998632866094427,1.008634017193736,0.048177284000075815
L-shaped singularity,7,999,1968,1840,1840,1.0,3806,12538,0.021443524265943485,0.021443524265943488,0.029278713856655904,1.0,1.0,0.049307190000035916
High-contrast interface (1e4),1,0,128,96,47,0.4895833333333333,136,193,0.016516655655609114,0.01596775503604678,0.02296163949274876,0.9345103587893854,1.9087871158251277,0.0014852730000711745
High-contrast interface (1e4),1,1,128,96,75,0.78125,177,469,0.015979383738736797,0.01596775503604678,0.02296163949274876,0.9986355201298853,1.2782534657662532,0.0021290370000315306
High-contrast interface (1e4),1,2,128,96,85,0.8854166666666666,198,537,0.015967755676697455,0.01596775503604678,0.02296163949274876,0.9999999248551795,1.1294116798364382,0.0023669099999779064
High-contrast interface (1e4),1,3,128,96,94,0.9791666666666666,217,594,0.015967755070069718,0.01596775503604678,0.02296163949274876,0.9999999960092956,1.0212765916690678,0.004306157000087296
High-contrast interface (1e4),1,999,128,96,96,1.0,222,606,0.015967755036046777,0.01596775503604678,0.02296163949274876,1.0,1.0,0.0029364949999717282
High-contrast interface (1e4),2,0,210,168,72,0.42857142857142855,230,248,0.01122424992370518,0.01088299902282544,0.01596765411333909,0.9447423825447699,2.2043988926044635,0.0019436819999327781
High-contrast interface (1e4),2,1,210,168,126,0.75,320,744,0.010920353084332875,0.01088299902282544,0.01596765411333909,0.9940345289140986,1.3253793718854647,0.003808138000067629
High-contrast interface (1e4),2,2,210,168,157,0.9345238095238095,357,985,0.010897316566708818,0.01088299902282544,0.01596765411333909,0.9977158935600118,1.0676195548922418,0.004142023999975208
High-contrast interface (1e4),2,3,210,168,168,1.0,376,1078,0.01088299902282544,0.01088299902282544,0.01596765411333909,1.0,1.0,0.0044022790000326495
High-contrast interface (1e4),2,999,210,168,168,1.0,376,1078,0.01088299902282544,0.01088299902282544,0.01596765411333909,1.0,1.0,0.004736894999950891
High-contrast interface (1e4),3,0,365,321,153,0.4766355140186916,446,633,0.008273796567603397,0.008077787513642432,0.01088299982230974,0.9397421181683117,1.9716158165492028,0.0037499520000210396
High-contrast interface (1e4),3,1,365,321,259,0.8068535825545171,588,1663,0.008090841860793558,0.008077787513642432,0.01088299982230974,0.9960316838853481,1.2344639788694856,0.006886022999992747
High-contrast interface (1e4),3,2,365,321,304,0.9470404984423676,662,1994,0.008079875390496587,0.008077787513642432,0.01088299982230974,0.9993657487672344,1.0552513334022442,0.008257686999968428
High-contrast interface (1e4),3,3,365,321,320,0.9968847352024922,684,2132,0.008077787527474503,0.008077787513642432,0.01088299982230974,0.9999999957986629,1.0031249957855337,0.008852380000007543
High-contrast interface (1e4),3,999,365,321,321,1.0,684,2139,0.008077787513642432,0.008077787513642432,0.01088299982230974,1.0,1.0,0.008421230000067226
High-contrast interface (1e4),4,0,651,585,264,0.4512820512820513,786,1082,0.00587387341965742,0.005740449922439949,0.008077784083287565,0.9520208131727481,2.1095915746441576,0.006423637000011695
High-contrast interface (1e4),4,1,651,585,422,0.7213675213675214,975,2684,0.00574893602532275,0.005740449922439949,0.008077784083287565,0.9969812179315706,1.3820711196444757,0.011240451000048779
High-contrast interface (1e4),4,2,651,585,498,0.8512820512820513,1105,3254,0.00574413405252118,0.005740449922439949,0.008077784083287565,0.9986899831725754,1.1731599199918807,0.013207919000024049
High-contrast interface (1e4),4,3,651,585,551,0.9418803418803419,1194,3647,0.005742647360632307,0.005740449922439949,0.008077784083287565,0.999218727814338,1.0608765077520648,0.01425801700008833
High-contrast interface (1e4),4,999,651,585,585,1.0,1234,3943,0.005740449922439949,0.005740449922439949,0.008077784083287565,1.0,1.0,0.015454962000035266
High-contrast interface (1e4),5,0,1151,1077,492,0.4568245125348189,1392,2196,0.004511339603647887,0.004441253097609842,0.005740449965495838,0.9525662080283218,2.0851906626961436,0.012225742000055106
High-contrast interface (1e4),5,1,1151,1077,764,0.7093779015784587,1692,5046,0.0044471095002451356,0.004441253097609842,0.005740449965495838,0.9960648861802677,1.4041385895499323,0.020711859000016375
High-contrast interface (1e4),5,2,1151,1077,910,0.8449396471680595,1952,6092,0.004442115944412741,0.004441253097609842,0.005740449965495838,0.9994205499475307,1.1828306948280116,0.027646583999967334
High-contrast interface (1e4),5,3,1151,1077,1004,0.9322191272051996,2124,6788,0.004441467404989562,0.004441253097609842,0.005740449965495838,0.9998560910742351,1.0725547909232582,0.0279865829999153
High-contrast interface (1e4),5,999,1151,1077,1077,1.0,2226,7371,0.004441253097609843,0.004441253097609842,0.005740449965495838,1.0,1.0,0.03141788799996448
High-contrast interface (1e4),6,0,2007,1910,833,0.4361256544502618,2412,3521,0.003179864771889727,0.0031228084971512827,0.0044412530071904184,0.9639411975780376,2.210237319776773,0.021198830999992424
High-contrast interface (1e4),6,1,2007,1910,1321,0.6916230366492147,2897,8707,0.0031254394246219997,0.0031228084971512827,0.0044412530071904184,0.9983516470055539,1.4434910263289993,0.038736111999924105
High-contrast interface (1e4),6,2,2007,1910,1484,0.7769633507853403,3162,9976,0.003123663103179696,0.0031228084971512827,0.0044412530071904184,0.999464716552269,1.2863730516272465,0.04493471500006763
High-contrast interface (1e4),6,3,2007,1910,1593,0.8340314136125655,3364,10769,0.003123371111720609,0.0031228084971512827,0.0044412530071904184,0.9996476222039742,1.198573106346259,0.04719667900008062
High-contrast interface (1e4),6,999,2007,1910,1910,1.0,3915,13136,0.0031228084971512827,0.0031228084971512827,0.0044412530071904184,1.0,1.0,0.0518665360000341
High-contrast interface (1e4),7,0,3856,3722,1812,0.48683503492745833,5176,7914,0.0023979330064312736,0.002355555607061122,0.0031228084919889885,0.9520755280362405,1.9556429996417701,0.04442415799996979
High-contrast interface (1e4),7,1,3856,3722,2808,0.754433100483611,6169,18602,0.002359288647274462,0.002355555607061122,0.0031228084919889885,0.9958126371393016,1.319948231991624,0.08631692099993415
High-contrast interface (1e4),7,2,3856,3722,3227,0.8670069854916711,6883,21707,0.002356777514386488,0.002355555607061122,0.0031228084919889885,0.9986301127314622,1.1518132257782778,0.09405017000005955
High-contrast interface (1e4),7,3,3856,3722,3531,0.9486835034927459,7392,23995,0.002356111356787756,0.002355555607061122,0.0031228084919889885,0.9993770338910254,1.0534356613260822,0.09817275000000336
High-contrast interface (1e4),7,999,3856,3722,3722,1.0,7576,25734,0.0023555556070611215,0.002355555607061122,0.0031228084919889885,1.0,1.0,0.11090197900000476
Localized reaction-diffusion layer,1,0,86,54,5,0.09259259259259259,16,15,0.04660595003168275,0.04480913844671818,0.06167114710466667,0.9085166819383924,9.811980164934639,0.0005157949999556877
Localized reaction-diffusion layer,1,1,86,54,13,0.24074074074074073,37,71,0.044985950901292364,0.04480913844671818,0.06167114710466667,0.9911572585897228,4.117114766449618,0.0006159230000548632
Localized reaction-diffusion layer,1,2,86,54,23,0.42592592592592593,66,131,0.04485899632433606,0.04480913844671818,0.06167114710466667,0.9975100340509795,2.341980079945778,0.0008491690000482777
Localized reaction-diffusion layer,1,3,86,54,34,0.6296296296296297,91,198,0.04481867679970401,0.04480913844671818,0.06167114710466667,0.9995238566913146,1.587479066509735,0.0011504559998911645
Localized reaction-diffusion layer,1,999,86,54,54,1.0,138,324,0.044809138446718175,0.04480913844671818,0.06167114710466667,1.0,1.0,0.0016207339999709802
Localized reaction-diffusion layer,2,0,111,79,25,0.31645569620253167,74,91,0.030625511989715002,0.028451740178894746,0.044790594804740305,0.8926874661186887,2.820892392935056,0.000806947000000946
Localized reaction-diffusion layer,2,1,111,79,45,0.569620253164557,107,287,0.028474442143492273,0.028451740178894746,0.044790594804740305,0.998920079683655,1.7536596954446386,0.0014657130000159668
Localized reaction-diffusion layer,2,2,111,79,55,0.6962025316455697,132,347,0.02845302937882033,0.028451740178894746,0.044790594804740305,0.9999386965168836,1.4362755822697055,0.0017225650000227688
Localized reaction-diffusion layer,2,3,111,79,66,0.8354430379746836,156,416,0.028451979063906542,0.028451740178894746,0.044790594804740305,0.9999886408518202,1.1969561004135423,0.0019173339999269956
Localized reaction-diffusion layer,2,999,111,79,79,1.0,188,499,0.028451740178894746,0.028451740178894746,0.044790594804740305,1.0,1.0,0.002266771999984485
Localized reaction-diffusion layer,3,0,177,145,66,0.45517241379310347,199,244,0.020290583984129647,0.018797449217160207,0.028429836828494853,0.8717031815311016,1.9151054745759049,0.0017109070000742577
Localized reaction-diffusion layer,3,1,177,145,116,0.8,250,770,0.018797800776332453,0.018797449217160207,0.028429836828494853,0.9999709460977771,1.2499636826222214,0.0032296699999960765
Localized reaction-diffusion layer,3,2,177,145,127,0.8758620689655172,280,845,0.01879746406189254,0.018797449217160207,0.028429836828494853,0.999998773197877,1.1417308827849777,0.0038385230000130832
Localized reaction-diffusion layer,3,3,177,145,142,0.9793103448275862,314,938,0.01879744852201982,0.018797449217160207,0.028429836828494853,1.00000001,1.0211267707746479,0.0038515129999723285
Localized reaction-diffusion layer,3,999,177,145,145,1.0,320,955,0.018797449217160207,0.018797449217160207,0.028429836828494853,1.0,1.0,0.003880364999986341
Localized reaction-diffusion layer,4,0,301,269,124,0.46096654275092935,366,482,0.012865170877677697,0.012326247670089425,0.0188045343212542,0.9326822923353986,2.023318843856631,0.003056302000004507
Localized reaction-diffusion layer,4,1,301,269,212,0.7881040892193308,472,1390,0.012416984656921795,0.012326247670089425,0.0188045343212542,0.9888675540469145,1.2547423209368869,0.006186119999938455
Localized reaction-diffusion layer,4,2,301,269,245,0.9107806691449815,516,1657,0.012370880959941136,0.012326247670089425,0.0188045343212542,0.9945341819307836,1.0919579385280849,0.009287465000056727
Localized reaction-diffusion layer,4,3,301,269,260,0.966542750929368,548,1764,0.012326252598886112,0.012326247670089425,0.0188045343212542,0.9999993975074443,1.0346147612673173,0.010508956000080616
Localized reaction-diffusion layer,4,999,301,269,269,1.0,568,1819,0.012326247670089425,0.012326247670089425,0.0188045343212542,1.0,1.0,0.010627081999928123
Localized reaction-diffusion layer,5,0,476,444,175,0.39414414414414417,512,721,0.009842363194813367,0.009615605649244791,0.012326332026218025,0.9258179907294218,2.3489325021935046,0.005120583999996597
Localized reaction-diffusion layer,5,1,476,444,305,0.6869369369369369,686,1977,0.009626240866459348,0.009615605649244791,0.012326332026218025,0.9965594137320414,1.4507291137607423,0.008146032000013292
Localized reaction-diffusion layer,5,2,476,444,376,0.8468468468468469,809,2518,0.009618220215145638,0.009615605649244791,0.012326332026218025,0.9991545175178436,1.1798526749412834,0.010127200000056291
Localized reaction-diffusion layer,5,3,476,444,416,0.9369369369369369,856,2860,0.009615610473615557,0.009615605649244791,0.012326332026218025,0.9999984401358865,1.067306027452725,0.011155065000025388
Localized reaction-diffusion layer,5,999,476,444,444,1.0,918,3044,0.009615605649244791,0.009615605649244791,0.012326332026218025,1.0,1.0,0.011745559999894795
Localized reaction-diffusion layer,6,0,879,847,403,0.4757969303423849,1164,1683,0.0067704101695014365,0.006623689739858492,0.009616054613257085,0.9595600706791837,2.0167428780775896,0.009739975999991657
Localized reaction-diffusion layer,6,1,879,847,671,0.7922077922077922,1466,4441,0.006646707133756363,0.006623689739858492,0.009616054613257085,0.9937144060090848,1.2543608075852382,0.017809684999974706
Localized reaction-diffusion layer,6,2,879,847,772,0.911452184179457,1608,5262,0.006632470344710473,0.006623689739858492,0.009616054613257085,0.9976047633013585,1.0945223245029152,0.020657447999951728
Localized reaction-diffusion layer,6,3,879,847,821,0.9693034238488784,1683,5659,0.006629597468753343,0.006623689739858492,0.009616054613257085,0.9983887963738943,1.0300064683662467,0.021970686000031492
Localized reaction-diffusion layer,6,999,879,847,847,1.0,1724,5863,0.006623689739858493,0.006623689739858492,0.009616054613257085,1.0,1.0,0.024708615999998074
Localized reaction-diffusion layer,7,0,1531,1498,651,0.43457943925233644,1878,2767,0.005222012865071368,0.0051227851783976625,0.006623786757396584,0.941781288223167,2.167109630965137,0.015786873999900308
Localized reaction-diffusion layer,7,1,1531,1498,1072,0.7156208277703605,2373,7060,0.005132219115703913,0.0051227851783976625,0.006623786757396584,0.9945129800326832,1.3897205635158203,0.029202370999996674
Localized reaction-diffusion layer,7,2,1531,1498,1275,0.8511348464619493,2704,8609,0.0051247895409024915,0.0051227851783976625,0.006623786757396584,0.998835055938669,1.1735332657224518,0.03442872300001909
Localized reaction-diffusion layer,7,3,1531,1498,1408,0.9399198931909212,2915,9646,0.005123854646866444,0.0051227851783976625,0.006623786757396584,0.9993784770585498,1.0632592035750765,0.03786844499995823
Localized reaction-diffusion layer,7,999,1531,1498,1498,1.0,3027,10416,0.005122785178397663,0.0051227851783976625,0.006623786757396584,1.0,1.0,0.04027095799995095
